{
  "final_loss": Infinity,
  "success": 1.0,
  "mse": 0.05995264649391174,
  "psnr": 12.221916410499734,
  "feature_mse": 0.1657344102859497,
  "l1_distance": 0.1980072408914566,
  "attack_time": 0.4545481204986572
}